<?xml version="1.0" encoding="utf-8" ?>
<?xml-stylesheet type="text/xsl" href="ASCII.xsl"?>
<Data>
  <xs:schema id="Data" xmlns="" xmlns:xs="http://www.w3.org/2001/XMLSchema" xmlns:msdata="urn:schemas-microsoft-com:xml-msdata">
    <xs:element name="Data" msdata:IsDataSet="true">
      <xs:complexType>
        <xs:choice maxOccurs="unbounded">
          <xs:element name="ascii">
            <xs:complexType>
              <xs:sequence>
                <xs:element name="id" type="xs:int" minOccurs="0" />
                <xs:element name="type" type="xs:int" minOccurs="0" />
                <xs:element name="c13" type="xs:int" minOccurs="0" />
                <xs:element name="c16" type="xs:int" minOccurs="0" />
                <xs:element name="c20" type="xs:int" minOccurs="0" />
                <xs:element name="htmlchar" type="xs:string" minOccurs="0" />
              </xs:sequence>
            </xs:complexType>
          </xs:element>
        </xs:choice>
      </xs:complexType>
    </xs:element>
  </xs:schema>
  <ascii>
    <id>32</id>
    <type>3</type>
    <c13>0</c13>
    <c16>0</c16>
    <c20>0</c20>
    <htmlchar>&#32;</htmlchar>
  </ascii>
  <ascii>
    <id>33</id>
    <type>3</type>
    <c13>6</c13>
    <c16>13</c16>
    <c20>14</c20>
    <htmlchar>!</htmlchar>
  </ascii>
  <ascii>
    <id>34</id>
    <type>3</type>
    <c13>12</c13>
    <c16>12</c16>
    <c20>18</c20>
    <htmlchar>&quot;</htmlchar>
  </ascii>
  <ascii>
    <id>35</id>
    <type>4</type>
    <c13>28</c13>
    <c16>36</c16>
    <c20>40</c20>
    <htmlchar>#</htmlchar>
  </ascii>
  <ascii>
    <id>36</id>
    <type>4</type>
    <c13>17</c13>
    <c16>25</c16>
    <c20>32</c20>
    <htmlchar>$</htmlchar>
  </ascii>
  <ascii>
    <id>37</id>
    <type>4</type>
    <c13>13</c13>
    <c16>22</c16>
    <c20>31</c20>
    <htmlchar>%</htmlchar>
  </ascii>
  <ascii>
    <id>38</id>
    <type>4</type>
    <c13>16</c13>
    <c16>20</c16>
    <c20>28</c20>
    <htmlchar>&amp;amp;</htmlchar>
  </ascii>
  <ascii>
    <id>39</id>
    <type>3</type>
    <c13>4</c13>
    <c16>9</c16>
    <c20>12</c20>
    <htmlchar>'</htmlchar>
  </ascii>
  <ascii>
    <id>40</id>
    <type>3</type>
    <c13>10</c13>
    <c16>12</c16>
    <c20>16</c20>
    <htmlchar>(</htmlchar>
  </ascii>
  <ascii>
    <id>41</id>
    <type>3</type>
    <c13>10</c13>
    <c16>12</c16>
    <c20>16</c20>
    <htmlchar>)</htmlchar>
  </ascii>
  <ascii>
    <id>42</id>
    <type>3</type>
    <c13>11</c13>
    <c16>14</c16>
    <c20>17</c20>
    <htmlchar>*</htmlchar>
  </ascii>
  <ascii>
    <id>43</id>
    <type>4</type>
    <c13>13</c13>
    <c16>15</c16>
    <c20>19</c20>
    <htmlchar>+</htmlchar>
  </ascii>
  <ascii>
    <id>44</id>
    <type>3</type>
    <c13>6</c13>
    <c16>7</c16>
    <c20>12</c20>
    <htmlchar>,</htmlchar>
  </ascii>
  <ascii>
    <id>45</id>
    <type>3</type>
    <c13>6</c13>
    <c16>7</c16>
    <c20>8</c20>
    <htmlchar>-</htmlchar>
  </ascii>
  <ascii>
    <id>46</id>
    <type>3</type>
    <c13>4</c13>
    <c16>4</c16>
    <c20>9</c20>
    <htmlchar>.</htmlchar>
  </ascii>
  <ascii>
    <id>47</id>
    <type>4</type>
    <c13>10</c13>
    <c16>12</c16>
    <c20>15</c20>
    <htmlchar>/</htmlchar>
  </ascii>
  <ascii>
    <id>48</id>
    <type>2</type>
    <c13>20</c13>
    <c16>24</c16>
    <c20>30</c20>
    <htmlchar>0</htmlchar>
  </ascii>
  <ascii>
    <id>49</id>
    <type>2</type>
    <c13>14</c13>
    <c16>19</c16>
    <c20>23</c20>
    <htmlchar>1</htmlchar>
  </ascii>
  <ascii>
    <id>50</id>
    <type>2</type>
    <c13>16</c13>
    <c16>24</c16>
    <c20>26</c20>
    <htmlchar>2</htmlchar>
  </ascii>
  <ascii>
    <id>51</id>
    <type>2</type>
    <c13>15</c13>
    <c16>22</c16>
    <c20>25</c20>
    <htmlchar>3</htmlchar>
  </ascii>
  <ascii>
    <id>52</id>
    <type>2</type>
    <c13>19</c13>
    <c16>23</c16>
    <c20>30</c20>
    <htmlchar>4</htmlchar>
  </ascii>
  <ascii>
    <id>53</id>
    <type>2</type>
    <c13>19</c13>
    <c16>23</c16>
    <c20>28</c20>
    <htmlchar>5</htmlchar>
  </ascii>
  <ascii>
    <id>54</id>
    <type>2</type>
    <c13>18</c13>
    <c16>26</c16>
    <c20>32</c20>
    <htmlchar>6</htmlchar>
  </ascii>
  <ascii>
    <id>55</id>
    <type>2</type>
    <c13>14</c13>
    <c16>17</c16>
    <c20>21</c20>
    <htmlchar>7</htmlchar>
  </ascii>
  <ascii>
    <id>56</id>
    <type>2</type>
    <c13>22</c13>
    <c16>26</c16>
    <c20>30</c20>
    <htmlchar>8</htmlchar>
  </ascii>
  <ascii>
    <id>57</id>
    <type>2</type>
    <c13>21</c13>
    <c16>23</c16>
    <c20>31</c20>
    <htmlchar>9</htmlchar>
  </ascii>
  <ascii>
    <id>58</id>
    <type>3</type>
    <c13>8</c13>
    <c16>8</c16>
    <c20>18</c20>
    <htmlchar>:</htmlchar>
  </ascii>
  <ascii>
    <id>59</id>
    <type>3</type>
    <c13>9</c13>
    <c16>10</c16>
    <c20>19</c20>
    <htmlchar>;</htmlchar>
  </ascii>
  <ascii>
    <id>60</id>
    <type>4</type>
    <c13>10</c13>
    <c16>14</c16>
    <c20>16</c20>
    <htmlchar>&amp;lt;</htmlchar>
  </ascii>
  <ascii>
    <id>61</id>
    <type>4</type>
    <c13>12</c13>
    <c16>16</c16>
    <c20>20</c20>
    <htmlchar>=</htmlchar>
  </ascii>
  <ascii>
    <id>62</id>
    <type>4</type>
    <c13>10</c13>
    <c16>14</c16>
    <c20>16</c20>
    <htmlchar>&amp;gt;</htmlchar>
  </ascii>
  <ascii>
    <id>63</id>
    <type>3</type>
    <c13>11</c13>
    <c16>15</c16>
    <c20>20</c20>
    <htmlchar>?</htmlchar>
  </ascii>
  <ascii>
    <id>64</id>
    <type>4</type>
    <c13>25</c13>
    <c16>31</c16>
    <c20>40</c20>
    <htmlchar>@</htmlchar>
  </ascii>
  <ascii>
    <id>65</id>
    <type>1</type>
    <c13>20</c13>
    <c16>27</c16>
    <c20>39</c20>
    <htmlchar>A</htmlchar>
  </ascii>
  <ascii>
    <id>66</id>
    <type>1</type>
    <c13>24</c13>
    <c16>29</c16>
    <c20>40</c20>
    <htmlchar>B</htmlchar>
  </ascii>
  <ascii>
    <id>67</id>
    <type>1</type>
    <c13>15</c13>
    <c16>21</c16>
    <c20>26</c20>
    <htmlchar>C</htmlchar>
  </ascii>
  <ascii>
    <id>68</id>
    <type>1</type>
    <c13>20</c13>
    <c16>26</c16>
    <c20>34</c20>
    <htmlchar>D</htmlchar>
  </ascii>
  <ascii>
    <id>69</id>
    <type>1</type>
    <c13>24</c13>
    <c16>30</c16>
    <c20>43</c20>
    <htmlchar>E</htmlchar>
  </ascii>
  <ascii>
    <id>70</id>
    <type>1</type>
    <c13>20</c13>
    <c16>26</c16>
    <c20>36</c20>
    <htmlchar>F</htmlchar>
  </ascii>
  <ascii>
    <id>71</id>
    <type>1</type>
    <c13>19</c13>
    <c16>26</c16>
    <c20>32</c20>
    <htmlchar>G</htmlchar>
  </ascii>
  <ascii>
    <id>72</id>
    <type>1</type>
    <c13>27</c13>
    <c16>30</c16>
    <c20>46</c20>
    <htmlchar>H</htmlchar>
  </ascii>
  <ascii>
    <id>73</id>
    <type>1</type>
    <c13>16</c13>
    <c16>21</c16>
    <c20>24</c20>
    <htmlchar>I</htmlchar>
  </ascii>
  <ascii>
    <id>74</id>
    <type>1</type>
    <c13>16</c13>
    <c16>20</c16>
    <c20>25</c20>
    <htmlchar>J</htmlchar>
  </ascii>
  <ascii>
    <id>75</id>
    <type>1</type>
    <c13>24</c13>
    <c16>28</c16>
    <c20>38</c20>
    <htmlchar>K</htmlchar>
  </ascii>
  <ascii>
    <id>76</id>
    <type>1</type>
    <c13>17</c13>
    <c16>23</c16>
    <c20>28</c20>
    <htmlchar>L</htmlchar>
  </ascii>
  <ascii>
    <id>77</id>
    <type>1</type>
    <c13>30</c13>
    <c16>35</c16>
    <c20>45</c20>
    <htmlchar>M</htmlchar>
  </ascii>
  <ascii>
    <id>78</id>
    <type>1</type>
    <c13>29</c13>
    <c16>32</c16>
    <c20>42</c20>
    <htmlchar>N</htmlchar>
  </ascii>
  <ascii>
    <id>79</id>
    <type>1</type>
    <c13>18</c13>
    <c16>22</c16>
    <c20>28</c20>
    <htmlchar>O</htmlchar>
  </ascii>
  <ascii>
    <id>80</id>
    <type>1</type>
    <c13>20</c13>
    <c16>26</c16>
    <c20>32</c20>
    <htmlchar>P</htmlchar>
  </ascii>
  <ascii>
    <id>81</id>
    <type>1</type>
    <c13>23</c13>
    <c16>28</c16>
    <c20>38</c20>
    <htmlchar>Q</htmlchar>
  </ascii>
  <ascii>
    <id>82</id>
    <type>1</type>
    <c13>23</c13>
    <c16>28</c16>
    <c20>36</c20>
    <htmlchar>R</htmlchar>
  </ascii>
  <ascii>
    <id>83</id>
    <type>1</type>
    <c13>21</c13>
    <c16>24</c16>
    <c20>30</c20>
    <htmlchar>S</htmlchar>
  </ascii>
  <ascii>
    <id>84</id>
    <type>1</type>
    <c13>18</c13>
    <c16>25</c16>
    <c20>30</c20>
    <htmlchar>T</htmlchar>
  </ascii>
  <ascii>
    <id>85</id>
    <type>1</type>
    <c13>21</c13>
    <c16>24</c16>
    <c20>30</c20>
    <htmlchar>U</htmlchar>
  </ascii>
  <ascii>
    <id>86</id>
    <type>1</type>
    <c13>20</c13>
    <c16>22</c16>
    <c20>30</c20>
    <htmlchar>V</htmlchar>
  </ascii>
  <ascii>
    <id>87</id>
    <type>1</type>
    <c13>24</c13>
    <c16>34</c16>
    <c20>44</c20>
    <htmlchar>W</htmlchar>
  </ascii>
  <ascii>
    <id>88</id>
    <type>1</type>
    <c13>22</c13>
    <c16>25</c16>
    <c20>35</c20>
    <htmlchar>X</htmlchar>
  </ascii>
  <ascii>
    <id>89</id>
    <type>1</type>
    <c13>18</c13>
    <c16>21</c16>
    <c20>28</c20>
    <htmlchar>Y</htmlchar>
  </ascii>
  <ascii>
    <id>90</id>
    <type>1</type>
    <c13>18</c13>
    <c16>22</c16>
    <c20>32</c20>
    <htmlchar>Z</htmlchar>
  </ascii>
  <ascii>
    <id>91</id>
    <type>4</type>
    <c13>14</c13>
    <c16>16</c16>
    <c20>22</c20>
    <htmlchar>[</htmlchar>
  </ascii>
  <ascii>
    <id>92</id>
    <type>4</type>
    <c13>10</c13>
    <c16>12</c16>
    <c20>15</c20>
    <htmlchar>\</htmlchar>
  </ascii>
  <ascii>
    <id>93</id>
    <type>4</type>
    <c13>14</c13>
    <c16>16</c16>
    <c20>22</c20>
    <htmlchar>]</htmlchar>
  </ascii>
  <ascii>
    <id>94</id>
    <type>4</type>
    <c13>6</c13>
    <c16>8</c16>
    <c20>10</c20>
    <htmlchar>^</htmlchar>
  </ascii>
  <ascii>
    <id>95</id>
    <type>4</type>
    <c13>8</c13>
    <c16>10</c16>
    <c20>12</c20>
    <htmlchar>_</htmlchar>
  </ascii>
  <ascii>
    <id>96</id>
    <type>3</type>
    <c13>2</c13>
    <c16>3</c16>
    <c20>3</c20>
    <htmlchar>`</htmlchar>
  </ascii>
  <ascii>
    <id>97</id>
    <type>1</type>
    <c13>21</c13>
    <c16>24</c16>
    <c20>29</c20>
    <htmlchar>a</htmlchar>
  </ascii>
  <ascii>
    <id>98</id>
    <type>1</type>
    <c13>22</c13>
    <c16>25</c16>
    <c20>34</c20>
    <htmlchar>b</htmlchar>
  </ascii>
  <ascii>
    <id>99</id>
    <type>1</type>
    <c13>15</c13>
    <c16>18</c16>
    <c20>23</c20>
    <htmlchar>c</htmlchar>
  </ascii>
  <ascii>
    <id>100</id>
    <type>1</type>
    <c13>22</c13>
    <c16>25</c16>
    <c20>34</c20>
    <htmlchar>d</htmlchar>
  </ascii>
  <ascii>
    <id>101</id>
    <type>1</type>
    <c13>19</c13>
    <c16>21</c16>
    <c20>27</c20>
    <htmlchar>e</htmlchar>
  </ascii>
  <ascii>
    <id>102</id>
    <type>1</type>
    <c13>20</c13>
    <c16>24</c16>
    <c20>30</c20>
    <htmlchar>f</htmlchar>
  </ascii>
  <ascii>
    <id>103</id>
    <type>1</type>
    <c13>24</c13>
    <c16>28</c16>
    <c20>32</c20>
    <htmlchar>g</htmlchar>
  </ascii>
  <ascii>
    <id>104</id>
    <type>1</type>
    <c13>21</c13>
    <c16>25</c16>
    <c20>30</c20>
    <htmlchar>h</htmlchar>
  </ascii>
  <ascii>
    <id>105</id>
    <type>1</type>
    <c13>13</c13>
    <c16>17</c16>
    <c20>22</c20>
    <htmlchar>i</htmlchar>
  </ascii>
  <ascii>
    <id>106</id>
    <type>1</type>
    <c13>15</c13>
    <c16>20</c16>
    <c20>24</c20>
    <htmlchar>j</htmlchar>
  </ascii>
  <ascii>
    <id>107</id>
    <type>1</type>
    <c13>22</c13>
    <c16>25</c16>
    <c20>32</c20>
    <htmlchar>k</htmlchar>
  </ascii>
  <ascii>
    <id>108</id>
    <type>1</type>
    <c13>13</c13>
    <c16>18</c16>
    <c20>24</c20>
    <htmlchar>l</htmlchar>
  </ascii>
  <ascii>
    <id>109</id>
    <type>1</type>
    <c13>24</c13>
    <c16>28</c16>
    <c20>36</c20>
    <htmlchar>m</htmlchar>
  </ascii>
  <ascii>
    <id>110</id>
    <type>1</type>
    <c13>19</c13>
    <c16>22</c16>
    <c20>26</c20>
    <htmlchar>n</htmlchar>
  </ascii>
  <ascii>
    <id>111</id>
    <type>1</type>
    <c13>16</c13>
    <c16>16</c16>
    <c20>24</c20>
    <htmlchar>o</htmlchar>
  </ascii>
  <ascii>
    <id>112</id>
    <type>1</type>
    <c13>21</c13>
    <c16>26</c16>
    <c20>35</c20>
    <htmlchar>p</htmlchar>
  </ascii>
  <ascii>
    <id>113</id>
    <type>1</type>
    <c13>23</c13>
    <c16>26</c16>
    <c20>35</c20>
    <htmlchar>q</htmlchar>
  </ascii>
  <ascii>
    <id>114</id>
    <type>1</type>
    <c13>15</c13>
    <c16>17</c16>
    <c20>21</c20>
    <htmlchar>r</htmlchar>
  </ascii>
  <ascii>
    <id>115</id>
    <type>1</type>
    <c13>19</c13>
    <c16>23</c16>
    <c20>28</c20>
    <htmlchar>s</htmlchar>
  </ascii>
  <ascii>
    <id>116</id>
    <type>1</type>
    <c13>14</c13>
    <c16>19</c16>
    <c20>24</c20>
    <htmlchar>t</htmlchar>
  </ascii>
  <ascii>
    <id>117</id>
    <type>1</type>
    <c13>17</c13>
    <c16>20</c16>
    <c20>26</c20>
    <htmlchar>u</htmlchar>
  </ascii>
  <ascii>
    <id>118</id>
    <type>1</type>
    <c13>16</c13>
    <c16>18</c16>
    <c20>24</c20>
    <htmlchar>v</htmlchar>
  </ascii>
  <ascii>
    <id>119</id>
    <type>1</type>
    <c13>19</c13>
    <c16>25</c16>
    <c20>32</c20>
    <htmlchar>w</htmlchar>
  </ascii>
  <ascii>
    <id>120</id>
    <type>1</type>
    <c13>16</c13>
    <c16>22</c16>
    <c20>30</c20>
    <htmlchar>x</htmlchar>
  </ascii>
  <ascii>
    <id>121</id>
    <type>1</type>
    <c13>19</c13>
    <c16>24</c16>
    <c20>32</c20>
    <htmlchar>y</htmlchar>
  </ascii>
  <ascii>
    <id>122</id>
    <type>1</type>
    <c13>16</c13>
    <c16>21</c16>
    <c20>25</c20>
    <htmlchar>z</htmlchar>
  </ascii>
  <ascii>
    <id>123</id>
    <type>4</type>
    <c13>9</c13>
    <c16>11</c16>
    <c20>18</c20>
    <htmlchar>{</htmlchar>
  </ascii>
  <ascii>
    <id>125</id>
    <type>4</type>
    <c13>9</c13>
    <c16>11</c16>
    <c20>18</c20>
    <htmlchar>}</htmlchar>
  </ascii>
  <ascii>
    <id>126</id>
    <type>4</type>
    <c13>6</c13>
    <c16>7</c16>
    <c20>8</c20>
    <htmlchar>~</htmlchar>
  </ascii>
  <ascii>
    <id>171</id>
    <type>4</type>
    <c13>10</c13>
    <c16>14</c16>
    <c20>32</c20>
    <htmlchar>&amp;#171;</htmlchar>
  </ascii>
  <ascii>
    <id>180</id>
    <type>4</type>
    <c13>2</c13>
    <c16>3</c16>
    <c20>3</c20>
    <htmlchar>&amp;#180;</htmlchar>
  </ascii>
  <ascii>
    <id>182</id>
    <type>5</type>
    <c13>30</c13>
    <c16>37</c16>
    <c20>46</c20>
    <htmlchar>&amp;#182;</htmlchar>
  </ascii>
  <ascii>
    <id>187</id>
    <type>4</type>
    <c13>10</c13>
    <c16>14</c16>
    <c20>32</c20>
    <htmlchar>&amp;#187;</htmlchar>
  </ascii>
  <ascii>
    <id>8719</id>
    <type>5</type>
    <c13>30</c13>
    <c16>36</c16>
    <c20>44</c20>
    <htmlchar>&amp;#8719;</htmlchar>
  </ascii>
  <ascii>
    <id>9552</id>
    <type>5</type>
    <c13>16</c13>
    <c16>20</c16>
    <c20>24</c20>
    <htmlchar>&amp;#9552;</htmlchar>
  </ascii>
  <ascii>
    <id>9553</id>
    <type>5</type>
    <c13>32</c13>
    <c16>36</c16>
    <c20>44</c20>
    <htmlchar>&amp;#9553;</htmlchar>
  </ascii>
  <ascii>
    <id>9554</id>
    <type>5</type>
    <c13>17</c13>
    <c16>20</c16>
    <c20>24</c20>
    <htmlchar>&amp;#9554;</htmlchar>
  </ascii>
  <ascii>
    <id>9555</id>
    <type>5</type>
    <c13>20</c13>
    <c16>23</c16>
    <c20>28</c20>
    <htmlchar>&amp;#9555;</htmlchar>
  </ascii>
  <ascii>
    <id>9556</id>
    <type>5</type>
    <c13>24</c13>
    <c16>28</c16>
    <c20>32</c20>
    <htmlchar>&amp;#9556;</htmlchar>
  </ascii>
  <ascii>
    <id>9557</id>
    <type>5</type>
    <c13>15</c13>
    <c16>18</c16>
    <c20>22</c20>
    <htmlchar>&amp;#9557;</htmlchar>
  </ascii>
  <ascii>
    <id>9558</id>
    <type>5</type>
    <c13>19</c13>
    <c16>22</c16>
    <c20>28</c20>
    <htmlchar>&amp;#9558;</htmlchar>
  </ascii>
  <ascii>
    <id>9559</id>
    <type>5</type>
    <c13>22</c13>
    <c16>26</c16>
    <c20>32</c20>
    <htmlchar>&amp;#9559;</htmlchar>
  </ascii>
  <ascii>
    <id>9560</id>
    <type>5</type>
    <c13>18</c13>
    <c16>21</c16>
    <c20>26</c20>
    <htmlchar>&amp;#9560;</htmlchar>
  </ascii>
  <ascii>
    <id>9561</id>
    <type>5</type>
    <c13>22</c13>
    <c16>25</c16>
    <c20>30</c20>
    <htmlchar>&amp;#9561;</htmlchar>
  </ascii>
  <ascii>
    <id>9562</id>
    <type>5</type>
    <c13>26</c13>
    <c16>30</c16>
    <c20>36</c20>
    <htmlchar>&amp;#9562;</htmlchar>
  </ascii>
  <ascii>
    <id>9563</id>
    <type>5</type>
    <c13>16</c13>
    <c16>19</c16>
    <c20>24</c20>
    <htmlchar>&amp;#9563;</htmlchar>
  </ascii>
  <ascii>
    <id>9564</id>
    <type>5</type>
    <c13>21</c13>
    <c16>24</c16>
    <c20>30</c20>
    <htmlchar>&amp;#9564;</htmlchar>
  </ascii>
  <ascii>
    <id>9565</id>
    <type>5</type>
    <c13>24</c13>
    <c16>28</c16>
    <c20>36</c20>
    <htmlchar>&amp;#9565;</htmlchar>
  </ascii>
  <ascii>
    <id>9566</id>
    <type>5</type>
    <c13>24</c13>
    <c16>28</c16>
    <c20>34</c20>
    <htmlchar>&amp;#9566;</htmlchar>
  </ascii>
  <ascii>
    <id>9567</id>
    <type>5</type>
    <c13>35</c13>
    <c16>40</c16>
    <c20>48</c20>
    <htmlchar>&amp;#9567;</htmlchar>
  </ascii>
  <ascii>
    <id>9568</id>
    <type>5</type>
    <c13>37</c13>
    <c16>43</c16>
    <c20>50</c20>
    <htmlchar>&amp;#9568;</htmlchar>
  </ascii>
  <ascii>
    <id>9569</id>
    <type>5</type>
    <c13>22</c13>
    <c16>26</c16>
    <c20>32</c20>
    <htmlchar>&amp;#9569;</htmlchar>
  </ascii>
  <ascii>
    <id>9570</id>
    <type>5</type>
    <c13>34</c13>
    <c16>39</c16>
    <c20>48</c20>
    <htmlchar>&amp;#9570;</htmlchar>
  </ascii>
  <ascii>
    <id>9571</id>
    <type>5</type>
    <c13>35</c13>
    <c16>41</c16>
    <c20>50</c20>
    <htmlchar>&amp;#9571;</htmlchar>
  </ascii>
  <ascii>
    <id>9572</id>
    <type>5</type>
    <c13>22</c13>
    <c16>27</c16>
    <c20>32</c20>
    <htmlchar>&amp;#9572;</htmlchar>
  </ascii>
  <ascii>
    <id>9573</id>
    <type>5</type>
    <c13>22</c13>
    <c16>26</c16>
    <c20>32</c20>
    <htmlchar>&amp;#9573;</htmlchar>
  </ascii>
  <ascii>
    <id>9574</id>
    <type>5</type>
    <c13>27</c13>
    <c16>33</c16>
    <c20>38</c20>
    <htmlchar>&amp;#9574;</htmlchar>
  </ascii>
  <ascii>
    <id>9575</id>
    <type>5</type>
    <c13>23</c13>
    <c16>28</c16>
    <c20>34</c20>
    <htmlchar>&amp;#9575;</htmlchar>
  </ascii>
  <ascii>
    <id>9576</id>
    <type>5</type>
    <c13>24</c13>
    <c16>28</c16>
    <c20>34</c20>
    <htmlchar>&amp;#9576;</htmlchar>
  </ascii>
  <ascii>
    <id>9577</id>
    <type>5</type>
    <c13>29</c13>
    <c16>35</c16>
    <c20>42</c20>
    <htmlchar>&amp;#9577;</htmlchar>
  </ascii>
  <ascii>
    <id>9578</id>
    <type>5</type>
    <c13>30</c13>
    <c16>36</c16>
    <c20>44</c20>
    <htmlchar>&amp;#9578;</htmlchar>
  </ascii>
  <ascii>
    <id>9579</id>
    <type>5</type>
    <c13>38</c13>
    <c16>44</c16>
    <c20>54</c20>
    <htmlchar>&amp;#9579;</htmlchar>
  </ascii>
  <ascii>
    <id>9580</id>
    <type>5</type>
    <c13>40</c13>
    <c16>48</c16>
    <c20>56</c20>
    <htmlchar>&amp;#9580;</htmlchar>
  </ascii>
  <ascii>
    <id>9608</id>
    <type>5</type>
    <c13>128</c13>
    <c16>180</c16>
    <c20>264</c20>
    <htmlchar>&amp;#9608;</htmlchar>
  </ascii>
  <ascii>
    <id>9617</id>
    <type>5</type>
    <c13>32</c13>
    <c16>42</c16>
    <c20>44</c20>
    <htmlchar>&amp;#9617;</htmlchar>
  </ascii>
  <ascii>
    <id>9618</id>
    <type>5</type>
    <c13>64</c13>
    <c16>85</c16>
    <c20>126</c20>
    <htmlchar>&amp;#9618;</htmlchar>
  </ascii>
  <ascii>
    <id>9619</id>
    <type>5</type>
    <c13>96</c13>
    <c16>125</c16>
    <c20>186</c20>
    <htmlchar>&amp;#9619;</htmlchar>
  </ascii>
  <ascii>
    <id>9632</id>
    <type>5</type>
    <c13>64</c13>
    <c16>100</c16>
    <c20>156</c20>
    <htmlchar>&amp;#9632;</htmlchar>
  </ascii>
  <ascii>
    <id>9633</id>
    <type>5</type>
    <c13>28</c13>
    <c16>36</c16>
    <c20>44</c20>
    <htmlchar>&amp;#9633;</htmlchar>
  </ascii>
  <ascii>
    <id>9824</id>
    <type>5</type>
    <c13>28</c13>
    <c16>50</c16>
    <c20>60</c20>
    <htmlchar>&amp;#9824;</htmlchar>
  </ascii>
  <ascii>
    <id>9827</id>
    <type>5</type>
    <c13>42</c13>
    <c16>64</c16>
    <c20>93</c20>
    <htmlchar>&amp;#9827;</htmlchar>
  </ascii>
  <ascii>
    <id>9829</id>
    <type>5</type>
    <c13>30</c13>
    <c16>47</c16>
    <c20>73</c20>
    <htmlchar>&amp;#9829;</htmlchar>
  </ascii>
  <ascii>
    <id>9830</id>
    <type>5</type>
    <c13>15</c13>
    <c16>31</c16>
    <c20>53</c20>
    <htmlchar>&amp;#9830;</htmlchar>
  </ascii>
</Data>
