<publishData>
  <publishTarget publishUrl="C:\Inetpub\wwwroot\TestWebApplication\">
    <file relUrl="TestOptionSelectedByDesign.aspx" publishTime="20/05/2008 21.22.38" />
    <file relUrl="bin/OptionDropDownList.pdb" publishTime="22/05/2008 9.53.50" />
    <file relUrl="bin/TestWebApplication.pdb" publishTime="22/05/2008 9.53.52" />
    <file relUrl="TestDataBindComposition.aspx" publishTime="20/05/2008 20.41.42" />
    <file relUrl="TestMoreOptionDropDownList.aspx" publishTime="20/05/2008 21.26.26" />
    <file relUrl="Web.config" publishTime="20/05/2008 19.51.32" />
    <file relUrl="TestItemDesignTimeAndDataBind.aspx" publishTime="20/05/2008 21.16.36" />
    <file relUrl="bin/TestWebApplication.dll" publishTime="22/05/2008 9.53.52" />
    <file relUrl="bin/OptionDropDownList.dll" publishTime="22/05/2008 9.53.50" />
    <file relUrl="TestProgrammaticComposition.aspx" publishTime="21/05/2008 16.02.44" />
    <file relUrl="TestAppendDataBoundItems.aspx" publishTime="21/05/2008 12.29.10" />
    <file relUrl="TestDesignComposition.aspx" publishTime="20/05/2008 21.01.26" />
  </publishTarget>
</publishData>